{
"lengthUnit": "mil",
"components": {
	"fields": ["COMPONENT_NO", "COMPONENT_NAME", "LAYER", "X_COORDINATE", "Y_COORDINATE", "ANGLE"],
	"rows": [
		[1, "C1", "B", 2200, 1220, 270],
		[2, "C2", "B", 1835, 1310, 0],
		[3, "C3", "B", 1835, 1240, 0],
		[4, "FPC1", "B", 2710, 1370, 180],
		[5, "J1", "B", 2708.66, 1665, 0],
		[6, "R1", "B", 2230, 1370, 0],
		[7, "R2", "B", 2050, 1535, 90],
		[8, "R3", "B", 2110, 1535, 90],
		[9, "R4", "B", 1835, 1375, 180],
		[10, "R5", "B", 1835, 1440, 180],
		[11, "R6", "B", 1835, 1505, 0],
		[12, "R7", "B", 1955, 1505, 0],
		[13, "R8", "B", 1835, 1570, 0],
		[14, "R9", "B", 2090, 1140, 90],
		[15, "R10", "B", 2030, 1140, 90],
		[16, "R11", "B", 1970, 1140, 90],
		[17, "R12", "B", 1910, 1140, 90],
		[18, "R13", "B", 1850, 1140, 90],
		[19, "R14", "B", 2230, 1310, 180],
		[20, "SCREW1", "B", 118.11, 2244.09, 180],
		[21, "SCREW2", "B", 3818.9, 2244.09, 180],
		[22, "SCREW3", "B", 3818.9, 118.11, 180],
		[23, "SCREW4", "B", 118.11, 118.11, 180],
		[24, "U1", "B", 2030.4, 1335.01, 180]
	]
},
"pins": {
	"fields": ["PIN_NO", "PIN_NAME", "PIN_X", "PIN_Y", "LAYER", "PIN_TYPE", "NET_NAME", "NET_TYPE", "PAD_SHAPE", "PAD_SIZEX", "PAD_SIZEY", "HOLE_SIZE", "PAD_ANGLE"],
	"rows": [
		[1, "C1_1", 2200, 1247.56, "B", "SMD", "GND", "GND", "R", 31.5, 35.43, 0, 270],
		[2, "C1_2", 2200, 1192.44, "B", "SMD", "VDD_3V3", "", "R", 31.5, 35.43, 0, 270],
		[3, "C2_1", 1807.44, 1310, "B", "SMD", "GND", "GND", "R", 31.5, 35.43, 0, 0],
		[4, "C2_2", 1862.56, 1310, "B", "SMD", "$1N2517", "", "R", 31.5, 35.43, 0, 0],
		[5, "C3_1", 1807.44, 1240, "B", "SMD", "GND", "GND", "R", 31.5, 35.43, 0, 0],
		[6, "C3_2", 1862.56, 1240, "B", "SMD", "$1N2512", "", "R", 31.5, 35.43, 0, 0],
		[7, "FPC1_1", 2611.57, 1419.22, "B", "SMD", "MCLR", "", "R", 11.81, 49.21, 0, 180],
		[8, "FPC1_2", 2650.94, 1419.22, "B", "SMD", "SCL0", "", "R", 11.81, 49.21, 0, 180],
		[9, "FPC1_3", 2690.31, 1419.22, "B", "SMD", "SDA0", "", "R", 11.81, 49.21, 0, 180],
		[10, "FPC1_4", 2729.68, 1419.22, "B", "SMD", "GND", "GND", "R", 11.81, 49.21, 0, 180],
		[11, "FPC1_5", 2769.05, 1419.22, "B", "SMD", "VDD_3V3", "", "R", 11.81, 49.21, 0, 180],
		[12, "FPC1_6", 2808.42, 1419.22, "B", "SMD", "EIO0/TS", "", "R", 11.81, 49.21, 0, 180],
		[13, "FPC1_7", 2517.09, 1320.78, "B", "SMD", "FPC1_7", "", "R", 86.61, 70.87, 0, 90],
		[14, "FPC1_8", 2902.91, 1320.84, "B", "SMD", "FPC1_8", "", "R", 86.61, 70.87, 0, 90],
		[15, "J1_1", 2511.81, 1555.75, "B", "SMD", "MCLR", "", "R", 39.37, 137.79, 0, 0],
		[16, "J1_2", 2590.55, 1555.75, "B", "SMD", "SCL0", "", "R", 39.37, 137.79, 0, 0],
		[17, "J1_3", 2669.29, 1555.75, "B", "SMD", "SDA0", "", "R", 39.37, 137.79, 0, 0],
		[18, "J1_4", 2748.03, 1555.75, "B", "SMD", "GND", "GND", "R", 39.37, 137.79, 0, 0],
		[19, "J1_5", 2826.77, 1555.75, "B", "SMD", "VDD_3V3", "", "R", 39.37, 137.79, 0, 0],
		[20, "J1_6", 2905.51, 1555.75, "B", "SMD", "EIO0/TS", "", "R", 39.37, 137.79, 0, 0],
		[21, "J1_7", 3001.18, 1774.25, "B", "SMD", "J1_7", "", "R", 59.05, 133.86, 0, 0],
		[22, "J1_8", 2416.14, 1774.25, "B", "SMD", "J1_8", "", "R", 59.05, 133.86, 0, 0],
		[23, "R1_1", 2200.34, 1370, "B", "SMD", "MCLR", "", "R", 31.75, 34.02, 0, 0],
		[24, "R1_2", 2259.66, 1370, "B", "SMD", "VDD_3V3", "", "R", 31.75, 34.02, 0, 0],
		[25, "R2_1", 2050, 1505.34, "B", "SMD", "SDA0", "", "R", 31.75, 34.02, 0, 90],
		[26, "R2_2", 2050, 1564.66, "B", "SMD", "VDD_3V3", "", "R", 31.75, 34.02, 0, 90],
		[27, "R3_1", 2110, 1505.34, "B", "SMD", "SCL0", "", "R", 31.75, 34.02, 0, 90],
		[28, "R3_2", 2110, 1564.66, "B", "SMD", "VDD_3V3", "", "R", 31.75, 34.02, 0, 90],
		[29, "R4_1", 1864.66, 1375, "B", "SMD", "EIO0/TS", "", "R", 31.75, 34.02, 0, 180],
		[30, "R4_2", 1805.34, 1375, "B", "SMD", "VDD_3V3", "", "R", 31.75, 34.02, 0, 180],
		[31, "R5_1", 1864.66, 1440, "B", "SMD", "EIO1/IS1", "", "R", 31.75, 34.02, 0, 180],
		[32, "R5_2", 1805.34, 1440, "B", "SMD", "VDD_3V3", "", "R", 31.75, 34.02, 0, 180],
		[33, "R6_1", 1805.34, 1505, "B", "SMD", "GND", "GND", "R", 31.75, 34.02, 0, 0],
		[34, "R6_2", 1864.66, 1505, "B", "SMD", "EIO1/IS1", "", "R", 31.75, 34.02, 0, 0],
		[35, "R7_1", 1925.34, 1505, "B", "SMD", "IS2", "", "R", 31.75, 34.02, 0, 0],
		[36, "R7_2", 1984.66, 1505, "B", "SMD", "VDD_3V3", "", "R", 31.75, 34.02, 0, 0],
		[37, "R8_1", 1805.34, 1570, "B", "SMD", "GND", "GND", "R", 31.75, 34.02, 0, 0],
		[38, "R8_2", 1864.66, 1570, "B", "SMD", "IS2", "", "R", 31.75, 34.02, 0, 0],
		[39, "R9_1", 2090, 1110.34, "B", "SMD", "EAST", "", "R", 31.75, 34.02, 0, 90],
		[40, "R9_2", 2090, 1169.66, "B", "SMD", "RX0", "", "R", 31.75, 34.02, 0, 90],
		[41, "R10_1", 2030, 1110.34, "B", "SMD", "SOUTH", "", "R", 31.75, 34.02, 0, 90],
		[42, "R10_2", 2030, 1169.66, "B", "SMD", "RX1", "", "R", 31.75, 34.02, 0, 90],
		[43, "R11_1", 1970, 1110.34, "B", "SMD", "CENTER", "", "R", 31.75, 34.02, 0, 90],
		[44, "R11_2", 1970, 1169.66, "B", "SMD", "RX2", "", "R", 31.75, 34.02, 0, 90],
		[45, "R12_1", 1910, 1110.34, "B", "SMD", "WEST", "", "R", 31.75, 34.02, 0, 90],
		[46, "R12_2", 1910, 1169.66, "B", "SMD", "RX3", "", "R", 31.75, 34.02, 0, 90],
		[47, "R13_1", 1850, 1110.34, "B", "SMD", "NORTH", "", "R", 31.75, 34.02, 0, 90],
		[48, "R13_2", 1850, 1169.66, "B", "SMD", "RX4", "", "R", 31.75, 34.02, 0, 90],
		[49, "R14_1", 2259.66, 1310, "B", "SMD", "EL_TX", "", "R", 31.75, 34.02, 0, 180],
		[50, "R14_2", 2200.34, 1310, "B", "SMD", "TX", "", "R", 31.75, 34.02, 0, 180],
		[51, "SCREW1_1", 118.11, 2244.09, "T", "DIP", "SCREW1_1", "", "C", 78.74, 78.74, 78.74, 180],
		[52, "SCREW1_1", 118.11, 2244.09, "B", "DIP", "SCREW1_1", "", "C", 78.74, 78.74, 78.74, 180],
		[53, "SCREW2_1", 3818.9, 2244.09, "T", "DIP", "SCREW2_1", "", "C", 78.74, 78.74, 78.74, 180],
		[54, "SCREW2_1", 3818.9, 2244.09, "B", "DIP", "SCREW2_1", "", "C", 78.74, 78.74, 78.74, 180],
		[55, "SCREW3_1", 3818.9, 118.11, "T", "DIP", "SCREW3_1", "", "C", 78.74, 78.74, 78.74, 180],
		[56, "SCREW3_1", 3818.9, 118.11, "B", "DIP", "SCREW3_1", "", "C", 78.74, 78.74, 78.74, 180],
		[57, "SCREW4_1", 118.11, 118.11, "T", "DIP", "SCREW4_1", "", "C", 78.74, 78.74, 78.74, 180],
		[58, "SCREW4_1", 118.11, 118.11, "B", "DIP", "SCREW4_1", "", "C", 78.74, 78.74, 78.74, 180],
		[59, "U1_1", 2089.51, 1236.59, "B", "SMD", "VDD_3V3", "", "O", 11.02, 35.43, 0, 0],
		[60, "U1_2", 2069.81, 1236.59, "B", "SMD", "U1_2", "", "O", 11.02, 35.43, 0, 0],
		[61, "U1_3", 2050.11, 1236.59, "B", "SMD", "GND", "GND", "O", 11.02, 35.43, 0, 0],
		[62, "U1_4", 2030.41, 1236.59, "B", "SMD", "RX0", "", "O", 11.02, 35.43, 0, 0],
		[63, "U1_5", 2010.71, 1236.59, "B", "SMD", "RX1", "", "O", 11.02, 35.43, 0, 0],
		[64, "U1_6", 1991.01, 1236.59, "B", "SMD", "RX2", "", "O", 11.02, 35.43, 0, 0],
		[65, "U1_7", 1971.31, 1236.59, "B", "SMD", "RX3", "", "O", 11.02, 35.43, 0, 0],
		[66, "U1_8", 1931.98, 1275.91, "B", "SMD", "RX4", "", "O", 11.02, 35.43, 0, 90],
		[67, "U1_9", 1931.98, 1295.61, "B", "SMD", "$1N2512", "", "O", 11.02, 35.43, 0, 90],
		[68, "U1_10", 1931.98, 1315.31, "B", "SMD", "GND", "GND", "O", 11.02, 35.43, 0, 90],
		[69, "U1_11", 1931.98, 1335.01, "B", "SMD", "$1N2517", "", "O", 11.02, 35.43, 0, 90],
		[70, "U1_12", 1931.98, 1354.71, "B", "SMD", "EIO0/TS", "", "O", 11.02, 35.43, 0, 90],
		[71, "U1_13", 1931.98, 1374.41, "B", "SMD", "EIO1/IS1", "", "O", 11.02, 35.43, 0, 90],
		[72, "U1_14", 1931.98, 1394.11, "B", "SMD", "EIO2", "", "O", 11.02, 35.43, 0, 90],
		[73, "U1_15", 1971.31, 1433.44, "B", "SMD", "IS2", "", "O", 11.02, 35.43, 0, 0],
		[74, "U1_16", 1991.01, 1433.44, "B", "SMD", "U1_16", "", "O", 11.02, 35.43, 0, 0],
		[75, "U1_17", 2010.71, 1433.44, "B", "SMD", "U1_17", "", "O", 11.02, 35.43, 0, 0],
		[76, "U1_18", 2030.41, 1433.44, "B", "SMD", "U1_18", "", "O", 11.02, 35.43, 0, 0],
		[77, "U1_19", 2050.11, 1433.44, "B", "SMD", "EIO3", "", "O", 11.02, 35.43, 0, 0],
		[78, "U1_20", 2069.81, 1433.44, "B", "SMD", "SDA0", "", "O", 11.02, 35.43, 0, 0],
		[79, "U1_21", 2089.51, 1433.44, "B", "SMD", "SCL0", "", "O", 11.02, 35.43, 0, 0],
		[80, "U1_22", 2128.83, 1394.11, "B", "SMD", "EIO6", "", "O", 11.02, 35.43, 0, 90],
		[81, "U1_23", 2128.83, 1374.41, "B", "SMD", "EIO7", "", "O", 11.02, 35.43, 0, 90],
		[82, "U1_24", 2128.83, 1354.71, "B", "SMD", "MCLR", "", "O", 11.02, 35.43, 0, 90],
		[83, "U1_25", 2128.83, 1335.01, "B", "SMD", "TX", "", "O", 11.02, 35.43, 0, 90],
		[84, "U1_26", 2128.83, 1315.31, "B", "SMD", "U1_26", "", "O", 11.02, 35.43, 0, 90],
		[85, "U1_27", 2128.83, 1295.61, "B", "SMD", "GND", "GND", "O", 11.02, 35.43, 0, 90],
		[86, "U1_28", 2128.83, 1275.91, "B", "SMD", "VDD_3V3", "", "O", 11.02, 35.43, 0, 90],
		[87, "U1_29", 2030.41, 1335.01, "B", "SMD", "GND", "GND", "R", 137.79, 137.79, 0, 90]
	]
}
}